name,table,rotor_rpm,x,y,z,nx,ny,nz,rotor_radius,hub_radius,rotor_thick
Turbine1,Mezzanine,9.199,19.5103,30.004,26.1674,0.675804,-6.1454e-05,0.737081,12.5,0,2
Turbine2,Mezzanine,9.199,122.653,30.0065,30.9246,0.671175,-5.85439e-06,0.741299,12.5,0,2
